Top pages,Clicks,Impressions,CTR,Position
https://aduanaspe.com/blog/guia-inspeccion-no-intrusiva-puertos-2024/,2,41,4.88%,2.1
https://aduanaspe.com/blog/importaciones-implementos-seguridad-peru-mayo-2025,2,13,15.38%,5.54
https://aduanaspe.com/blog/como-crear-una-agencia-de-carga/,1,23,4.35%,7.17
https://aduanaspe.com/servicios/agenciamiento-aduanas,1,10,10%,23.7
https://aduanaspe.com/,1,5,20%,13.8
https://aduanaspe.com/transporte-de-carga-lima/,1,2,50%,4.5
https://aduanaspe.com/servicios,1,1,100%,3
https://aduanaspe.com/blog/guia-inspeccion-no-intrusiva-puertos-2024,0,37,0%,4.3
https://aduanaspe.com/blog/importar-de-china-a-peru,0,35,0%,4.91
https://aduanaspe.com/blog/exportaciones-quinua-mayo-2025,0,27,0%,5.78
https://aduanaspe.com/blog/registrar-mandato-electronico-sunat/,0,23,0%,7.65
https://aduanaspe.com/blog/clasificacion-arancelaria-galaxy-buds-fe-sm-r400,0,17,0%,7.76
https://aduanaspe.com/blog/clasificacion-arancelaria-galaxy-buds3/,0,13,0%,5.15
https://aduanaspe.com/blog/importaciones-implementos-seguridad-peru-mayo-2025/,0,9,0%,6.56
https://aduanaspe.com/blog/notificacion-de-salida-de-mercancias,0,9,0%,7.22
https://aduanaspe.com/guia-inspeccion-no-intrusiva-puertos-2024/,0,3,0%,1.33
https://aduanaspe.com/blog/clasificacion-arancelaria-galaxy-buds3,0,2,0%,1
https://blog.aduanaspe.com/registrar-mandato-electronico-sunat/,0,2,0%,1
https://aduanaspe.com/blog/importar-de-china-a-peru/,0,1,0%,1
https://aduanaspe.com/servicios/agencia-de-carga-internacional,0,1,0%,4