Top queries,Clicks,Impressions,CTR,Position
mandato electronico sunat,2,30,6.67%,5.8
agenciamiento de carga,1,4,25%,1
mandato electronico,0,25,0%,5.48
falso flete,0,7,0%,4.57
mandato electrónico sunat clave sol,0,6,0%,5
flete en falso,0,5,0%,10.8
flete falso,0,4,0%,7.75
como importar de china a peru,0,4,0%,11.75
flete de china a peru,0,3,0%,1
mandato electrónico sunat,0,3,0%,3
mandato electronico importacion,0,3,0%,4
partida arancelaria audifonos,0,3,0%,8
sunat mandato electronico,0,3,0%,8
importacion china peru,0,3,0%,9
agencia de aduanas,0,3,0%,10.67
mandato electronico aduanas,0,2,0%,1
partida arancelaria de audifonos inalambricos,0,2,0%,1
generar mandato electronico,0,2,0%,4
como generar mandato electronico sunat,0,2,0%,6
mtc agente de carga internacional,0,2,0%,7.5
falso flete que significa,0,2,0%,8
implementos de seguridad,0,2,0%,53.5
1688 perú,0,1,0%,1
acreditacion de pago,0,1,0%,1
como comprar en 1688 desde perú,0,1,0%,1
como comprar motos en china,0,1,0%,1
como hacer mandato electronico,0,1,0%,1
como importar de china a perú paso a paso pdf,0,1,0%,1
como importar repuestos de motos desde china,0,1,0%,1
costo de flete marítimo de china a perú,0,1,0%,1
cuanto cuesta traer un contenedor de china a perú 2025,0,1,0%,1
inspeccion ace,0,1,0%,1
inspeccion no intrusiva aduanas,0,1,0%,1
mandato aduanero,0,1,0%,1
que es inspeccion no intrusiva,0,1,0%,1
que es mandato electronico,0,1,0%,1
que sini,0,1,0%,1
sini,0,1,0%,1
como hacer el mandato electronico,0,1,0%,2
como se puede importar desde china,0,1,0%,3
importar desde china a perú,0,1,0%,3
1688 peru,0,1,0%,4
como importar desde china a peru,0,1,0%,4
generar mandato electronico sunat,0,1,0%,4
como hacer mandato electronico sunat,0,1,0%,6
como hacer un mandato electronico sunat,0,1,0%,6
que es un falso flete,0,1,0%,6
inspeccion ace aduanas,0,1,0%,7
importación de china a perú,0,1,0%,8
consulta mandato,0,1,0%,9
8518.30,0,1,0%,11
que es un flete en falso,0,1,0%,11
agencia de carga,0,1,0%,12
agenciamiento de aduanas,0,1,0%,17
servicios aduaneros,0,1,0%,75